phone,fullName,kingsChatHandle,email
16395544084,Adesua Sharon Adeleke,sharon.adeleke,sharon.adeleke17@gmail.com
(431) 373-2497,Alexander Dangiwa,axlecracks,alexdangiwa@gmail.com
16475814338,Amber Moseri,amber-e-moseri,moseriamber@gmail.com
2.34906E+12,Anita Ejemen Ibhakhomu,theprolificanita,ejemenibhakhomu@gmail.com
4033526530,Ariyo Ajibulu,godspartner,ariyoajibulu@gmail.com
(647) 338-2754,Ava Stewart,avakstewart,
14315888613,Boluwaji Yinka-Okunusi,boluy.o,
14038497602,Chiamaka Okeke,chiamakaok8831,doreenchioke2005@gmail.com
,Chiara Nwobodo,,
(587) 832-0125,Chibuikem Chukwunyerenwa,official_chibs,
,Chijioke Agbanelo,ceejaychri1872,qtz6rrcg59@privaterelay.appleid.com
,Chimeremeze Obialo,,
4374109847,Creda Moseri,credaaa,credamoseri@gmail.com
,Dami Fatile,dfatile,
(587) 899-6126,Daniel Umeh,daniel_umeh,umehdaniel13@gmail.com
14312768296,David Akalue,davidakalue99,united2002hkn@gmail.com
4372643027,David Amafuela,davidamaefula,
,David Bedjra,,
,Dorcas Mukendi,dorcasnm,dorcasmuk20@gmail.com
(204) 698-9092,Ebubechukwu Abioye,ebubechukwu_610,
(403) 519-2256,Elbridge Enow-Tiku,prolifictiku,
2.34809E+12,Ella Ukpabia,ellaaa_,emmanuellauk54@gmail.com
2.34818E+12,Emmanuel Akra,akraemmanuel,edwardesrockey@gmail.com
,Emmanuel Valentine Unegbu,,
14378386657,Emmanuella Prempeh,emma_nuella_4,eprempeh83@gmail.com
6399999689,Erika Mhozya,bellam903,
2043998618,Esther Ileogben,estherolohije,ileogbenesther2@gmail.com
2262605439,Fadzai Hokonya,king_fayfay,fhoks.fh@gmail.com
14315543260,Faith Ogedengbe,itsfaith,faithogedengbe404@gmail.com
,Favor Olatinpo,favourolatinpo,
14162680691,Fayzah Lawal,ms.faylaw,fayzahlawal112@gmail.com
16476485465,Gerald Ikem,geraldjr,geraldikem18@gmail.com
(825) 945-8688,Gideon Adedeji,gideonaded3904,
18258862411,Ifedayomi Odusanya,ifedayomi,ademidayo24@gmail.com
(647) 864-1556,Jada Morris,jada001,jadaleemorriss@gmail.com
14163036032,Jason Chan,jasonkcchan,jc032751@gmail.com
,Jehovani Yamusengwa,,
12895441797,Jeremy Anyalewechi,jeremy34,jeremy25anya@gmail.com
(431) 279-1157,John Nwansi,johnnwansi,nwansijohnson@gmail.com
,Kristen Ikem,kri_perfect,
17093277312,Naomi Ighodaro,naomiighodaro,esosaighodaro2001@gmail.com
,Naomi Iniss,,
(647) 865-6008,Natasha Dara,natashadara,natasha.dara@ymail.com
,Nelson Eziokwu,,
(905) 226-7526,Nigel Dara,pastornigel,nigelc.d@hotmail.com
14313740344,Nnah Laura Ajigo,lauraajigo,laurannahajigo@gmail.com
(905) 598-7040,Olamide Ayoola,olamyed,olamyed@gmail.com
14168760810,Phoebe Kudowor,phoebek,paulinekudowor01@gmail.com
,Praise Ejiogu,praizzyy,praiseejiogu8@gmail.com
14312946480,Precious Enoh,thelordsprecious,penoh2017@gmail.com
12045106445,Sharon Mutambwi,sharon.mut,smutambwi1@gmail.com
(647) 720-9754,Tamara Kelvin,tamarakelv6012,9zrfqfdcjb@privaterelay.appleid.com
(647) 614-6635,Tamilore Adeboyejo,tamiloredawn,tamiloredawn.a3@gmail.com
2.3481E+12,Tobi Ibiyeye,tobiibiyeye,oluwatobiloba.abolaj@torontomu.ca
14036895616,Toby Yinka-Okunusi,pastortobiokunusi,christianokunusi@gmail.com
4372248978,Tomi Segun-Adebowale,tomisin_sa,
(403) 874-8169,Tosin Ajibulu,truthprevails,titiajiboyedaddy64@gmail.com
14318773837,Vera Arua,veraarua,veraadakuarua@gmail.com
14379746091,Waneta Ikheloa-Agbonselobho,waneta.a,waneta2004@gmail.com
15875780876,Yifan Wang,yifanwang,yifanwang011@gmail.com
3.93511E+11,Ziggy Nwokeji,ziggythezionite,mrbinz2002@gmail.com
