phone,fullName,kingsChatHandle,email,unitName,roles,membershipStatus
2046740553,Adamu Laido,,,BLW UManitoba | The Phronesis · David Akalue,,Prospect
7809061490,Adeshola Adebola,,,BLW MacEwan U | Agape · Sis Ifedayomi Odusanya,,Member
,Agustin Torres,,,BLW UofL | Ablaze,,Prospect
4316881285,Akanna,,,Central East City Church,,Prospect
2047207462,Anjola Ajadi,,,Central East City Church,,Prospect
,Austin,,,BLW Thompson Rivers U | TBD · Sis Praise Ejiogu,,Prospect
,Ayodele Opadiran,,,BLW York | Phronesis,,Prospect
4314581873,Ayotimofe Ilesanmi,,,BLW UManitoba | The Royal Priesthood,,Prospect
,Batissa,,,BLW UofL | Ablaze,,Prospect
,Ben,,,BLW Thompson Rivers U | TBD · Sis Praise Ejiogu,,Prospect
6047645702,Ben Tran,,,BLW UofL | Ablaze,,Prospect
,Bianca,,,BLW UofL | King Priest,,Prospect
+1 (368) 995-8004,Bomo Douglas,,,BLW UCalgary | TBD,,Prospect
,Carson,,,BLW UofL | Ablaze,,Prospect
,Cedric Umeh,,,BLW UCalgary | TBD,,Prospect
4039297640,Chebet Justine,,,BLW WSGB | Professionals,,Prospect
403 479 4515,Chidimma Chukwunyerenwa,,,BLW UTSG | TBD,,Prospect
,Chidinma Chukwunyerenwa,,,BLW Toronto Metropolitan University,,Prospect
4315398147,Chimdalu,,akanochimdalu@gmail.com,BLW UManitoba | Testimony Cell · Waneta Ikheloa-Agbonselobho,,Prospect
,Cole twigg,,,BLW UofL | Ablaze,,Prospect
,Cylus,,,BLW UofL | Ablaze,,Prospect
,Dani mbama,,,BLW UofL | Ablaze,,Prospect
,Daniel,,,BLW UWinn | Rhema,,Prospect
,Daniel Amafuela,,,BLW York | Dominion,,Member
+14313719555,Danita,,drantbo@gmail.com,BLW UManitoba | The Winning Team,,Prospect
,David J,,,BLW URegina | Pleroma,,Prospect
306262989,David N,,,BLW URegina | Pleroma · Ariyo Ajibulu,,Prospect
2048817267,David Nobei,,,BLW UManitoba | The Phronesis,,Prospect
2045965254,David Olatunbosun,,,BLW UManitoba | The Royal Priesthood,,Prospect
,Dax,,,BLW UofL | Ablaze,,Prospect
(587) 447-3310,Debbie Ezeibe,,,BLW UCalgary | TBD,,Member
3683389016,Ebube Ukaere,,,BLW UofL | Ablaze,,Prospect
204 698 0261,Elvis,,,BLW UManitoba | The Royal Priesthood,,Prospect
6395600484,Esther Kauna Alogi,,Esther.alogi@outlook.com,BLW URegina | Pleroma,,Prospect
,Gabriel,,,BLW Thompson Rivers U | TBD · Sis Praise Ejiogu,,Prospect
780-618-9692,George Savych,,,BLW UofL | Ablaze,,Member
+1 (587) 500-8156,Glen,,,BLW York | Phronesis,,Prospect
,Glen Nonda,,,BLW York | Phronesis,,Prospect
,Hamza,,,BLW York | Dominion,,Prospect
6395608042,Humayra Rahman,,hrf825@uregina.ca,BLW URegina | Pleroma,,Prospect
4315392710,Imani,,imanilupbe35@gmail.com,Central East City Church,,Prospect
,Issa,,,BLW URegina | Pleroma · Ariyo Ajibulu,,Prospect
+1 (825) 488-3007,Ivanna,,,BLW URegina | Pleroma · Adesua Sharon Adeleke,,Member
+1 (647) 613-0914,Janice,,,BLW York | Dominion,,Prospect
4315885915,Joshua Obot,,,BLW UManitoba | The Winning Team,,Prospect
,Joy,,,BLW URegina | Pleroma · Adesua Sharon Adeleke,,Member
4312788187,Kelvin,,,BLW UManitoba | The Royal Priesthood,,Prospect
,Keyarra,,,BLW UofL | King Priest,,Member
,Luke,,,BLW Thompson Rivers U | TBD · Sis Praise Ejiogu,,Prospect
,Maleek Eletuodibo,,,BLW UofL | Ablaze,,Prospect
,Marcel veenstra,,,BLW UofL | Ablaze,,Prospect
5878947870,Mario,,mariobagiu@gmail.com,BLW UofL | King Priest,,Prospect
+1 (431) 668-6851,Matthew,,,BLW UManitoba | The Royal Priesthood,,Member
,Mattias,,,BLW Thompson Rivers U | TBD · Sis Praise Ejiogu,,Prospect
4313716614,Mellisa Nduku,,,BLW UManitoba | The Royal Priesthood,,Prospect
2042307232,Mgbeokwere Yadi,,mgbeokwereyadiri@gmail.com,Central East City Church,,Prospect
(825) 583-9333,Moses Odunyemi,,,BLW UCalgary | TBD,,Prospect
+250796597565,Mugisho Ogisha Agishe Marc-Andy,,,BLW UManitoba | The Royal Priesthood,,Prospect
2044635545,Nicholas Peterson,,,BLW CMU | Exousia,,Prospect
,Njoki,,,BLW Thompson Rivers U | TBD · Sis Praise Ejiogu,,Prospect
,Ololade,,femzy792@gmail.com,BLW UManitoba | The Winning Team,,Prospect
825 4405471,Paul Daniel,,,BLW MacEwan U | Agape · Sis Ifedayomi Odusanya,,Prospect
5483501251,Pearl Onoyemeakpo,,,BLW York | Dominion,,Prospect
,Precious,,,BLW URegina | Pleroma · Adesua Sharon Adeleke,,Member
6134510815,Princess Alonge,globalprincesskings,,BLW TMU | Love Cell,,Prospect
,Remmy,,,BLW UofL | Ablaze,,Prospect
3069990048,Rukundo Ruhago,,rrr218@uregina.ca,BLW URegina | Pleroma,,Prospect
2043964794,Samuel obah,,,BLW UManitoba | The Royal Priesthood,,Prospect
,Sean,,,BLW Thompson Rivers U | TBD · Sis Praise Ejiogu,,Prospect
+1 (639) 538-2574,Sean,,,BLW URegina | Pleroma · Ariyo Ajibulu,,Prospect
,Sharlee,,,BLW UofL | King Priest,,Prospect
,Tapiwa Nduka,,,BLW UManitoba | TGL Lord's Army,,Prospect
5877360048,Theo,,,BLW UofL | Ablaze,,Prospect
(204) 915-8291,Tochi,,,BLW UManitoba | The Winning Team,,Prospect
8257853870,Tomiwa Adeshina,,,BLW MacEwan U | Agape · Sis Ifedayomi Odusanya,,Prospect
8259939523,Ugochi,,,BLW MacEwan U | Agape · Sis Ifedayomi Odusanya,,Prospect
7803997364,Ulofe,,,BLW UofL | Ablaze,,Member
7803997364,Ulofe,,ulofe.uduokhai@uleth.ca,BLW UofL | Ablaze,,Prospect
7802430379,Victor,,,BLW Thompson Rivers U | TBD,,Member
2048692569,Victoria Mungate,,,BLW UManitoba | Testimony Cell,,Member
,Victoria Onwumere,,,BLW UofL | Ablaze,,Prospect
403891173,dorothy karir,,,BLW WSGB | Professionals,,Prospect
2048692569,victoria,,,BLW UManitoba | Testimony Cell · Waneta Ikheloa-Agbonselobho,,Prospect