#,Name,Subgroup,Fellowship,Phone,Registered,Status,Absent Reason,Email,Department,Shirt Size
1,Abdul-Warith Lawal,Central Subgroup A,BLW Ottawa,,No,Absent,,warizlawal53@gmail.com,,
2,Adesua Adeleke,Central East Subgroup A,BLW University of Regina,+16395544084,Yes,Confirmed,,sharon.adeleke17@gmail.com,,XS
3,Afolabi Fagbenro,Central Subgroup A,BLW York University,,No,Absent,,oyinsimi2@gmail.com,,
4,Alexander Dangiwa,Central East Subgroup A,BLW University of Manitoba,4313732497,Yes,Confirmed,,alexdangiwa@gmail.com,,XXL
5,Amber Moseri,Central Subgroup A,BLW York University,+16475814338,Yes,Confirmed,,moseriewere@gmail.com,,S
6,Aminat Abubakar,Central East Subgroup B,BLW College of the North Atlantic,,No,Not Registered,,aminatabubakar61@gmail.com,,
7,Anita Anya,Central Subgroup A,BLW York University,,No,Absent,Parents,.,,
8,Anita Ibhakhomu,Central Subgroup A,BLW Brock University,2896685965,Yes,Confirmed,,ejemenibhakhomu@gmail.com,Decorations,XL
9,Ariyo Ajibulu,Central East Subgroup A,BLW University of Regina,4033526530,Yes,Confirmed,,ariyoajibulu@gmail.com,Technical - Streaming,XL
10,Ava Stewart,Central Subgroup B,BLW University of Toronto Mississauga,6473382754,Yes,Confirmed,,avakaylee.stewart@gmail.com,Registrations,S
11,Ayomide Oyedeji,Central East Subgroup A,BLW University of Manitoba,4317781381,Yes,Confirmed,,ayomideoyedeji660@gmail.com,Technical - Streaming,XL
12,Basil Ferig,Central East Subgroup A,BLW University of Manitoba,12365977675,Yes,Confirmed,,basel.gendy7@gmail.com,Technical - Streaming,XXL
13,Blaise Ziggy Nwokeji,West Subgroup B,BLW University of Lethbridge,4036358757,Yes,Confirmed,,b.nwokeji@uleth.ca,Technical - Projections,XL
14,Boluwaji Okunusi,Central East Subgroup A,BLW University of Winnipeg,+14315888613,Yes,Confirmed,,boluyinkaokunusi@gmail.com,Ushering,L
15,Caleb Joseph,Central East Subgroup A,BLW University of Winnipeg,,No,Absent,No Longer with us,joseph-c@webmail.uwinnipeg.ca,,
16,Carlton Okunbor,Central East Subgroup A,BLW University of Manitoba,,No,Absent,Not with us anymore ,carlton.okunbor56@gmail.com,,
17,CeeJay Chris,Central East Subgroup A,BLW University of Manitoba,4312755078,Yes,Confirmed,,chijioke00200@gmail.com,Prayer Coordination,L
18,Chiamaka Okeke,West Subgroup B,BLW University of Lethbridge,+14038497602,Yes,Confirmed,,amakachioke1320@gmail.com,Registrations,M
19,Chiara Nwobodo,Central East Subgroup A,BLW University of Regina,,No,Not Registered,,cen956@uregina.ca,,
20,Chibuikem Chukwunyerenwa,Central Subgroup A,BLW York University,,No,Absent,,chukwunyerenwa.c@gmail.com,,
21,Chidinma C,Central Subgroup A,UTSG,,No,Absent,track ,",",,
22,Chimeremeze Obialo,Central East Subgroup A,BLW University of Winnipeg,(204) 294-8859,Yes,Confirmed,,chimeremeze.obialo@gmail.com,,
23,Chinelo Nwokem,Central East Subgroup A,BLW University of Manitoba,7133672903,Yes,Confirmed,,cedochie@gmail.com,,M
24,Chisom Chiwete,Central East Subgroup A,BLW University of Manitoba,2049557582,Yes,Confirmed,,chisomchiwete@yahoo.com,,M
25,Chloe Isesele,Central Subgroup B,BLW University of Waterloo & WLU,6132274884,Yes,Confirmed,,chloe.chloeisesele@gmail.com,,M
26,Christine Ibhakhomu,Central Subgroup B,,,No,Absent,,onoseremenchristine@gmail.com,,
27,Creda Moseri,Central Subgroup A,BLW York University,,No,Absent,,creda27@my.yorku.ca,,
28,D.Tim Ajao,West Subgroup A,BLW MacEwan University,,No,Absent,,grizzb800@gmail.com,,
29,Dami Fatile,Central Subgroup A,BLW York University,(249) 356-4088,Yes,Confirmed,,damilolafatile14@gmail.com,,L
30,Daniel Amafuela,Central Subgroup A,BLW York University,,Yes,Confirmed,,Amafuela,,
31,Daniel Horsfall,Central East Subgroup A,BLW University of Manitoba,,No,Not Registered,,danielhmssecondary@gmail.com,,
32,Daniel Ngoy,Central East Subgroup A,BLW University of Manitoba,4313886917,Yes,Confirming,,mwinepatadan@gmail.com,,M
33,Daniel Umeh,West Subgroup A,BLW University of Calgary,4038198939,Yes,Confirmed,,umehdaniel13@gmail.com,Media - Photography/Videography,M
34,David Akalue,Central East Subgroup A,BLW University of Manitoba,+12043964156,Yes,Confirmed,,davidakaluepriv1@gmail.com,Transportation,M
35,David Amaefula,Central Subgroup B,BLW University of Guelph,4372643027,Yes,Confirmed,,damafuel@uoguelph.ca,Technical Media,M
36,David Bedjra,Central East Subgroup A,BLW University of Manitoba,2048048024,Yes,Confirming,,davidbedjra25@gmail.com,,M
37,Dorcas Mukendi,West Subgroup A,BLW University of Alberta,5873720291,Yes,Confirmed,,dorcasmuk20@gmail.com,,M
38,Ebenezer Samuel-Shaibu,Central East Subgroup A,BLW University of Manitoba,4312764166,Yes,Confirming,,ebenezershaibu1@gmail.com,,XL
39,Ebubechukwu Abioye,Central East Subgroup A,BLW University of Manitoba,2046989092,Yes,Confirmed,,ebubechukwuabioye610@gmail.com,,S
40,Ehigie Akhabue,Central East Subgroup A,BLW University of Manitoba,+14313345594,Yes,Confirmed,,ehigieakhabue@gmail.com,Technical - Projections,3XL
41,Elbridge Enow-Tiku,West Subgroup A,BLW Southern Alberta Institute of Technology,4035192256,Yes,Confirmed,,enowngong@gmail.com,Ushering,XL
42,Ella Ukpabia,Central East Subgroup A,BLW University of Saskatchewan,6394714113,Yes,Confirmed,,emmanuellauk54@gmail.com,Prayer Coordination,
43,Emmanuel Akra,Central East Subgroup A,BLW University of Manitoba,4319990084,Yes,Confirmed,,akra.emmanuel8@gmail.com,Transportation,M
44,Emmanuel Nnolum,West Subgroup B,,,No,Absent,,nnolumemmanuel5@gmail.com,,
45,Emmanuel Unegbu,Central East Subgroup A,BLW University of Manitoba,+14313710827,Yes,Confirmed,,unegbu396@gmail.com,Technical - Sound & Lighting,XXXL
46,Emmanuel Valentine Unegbu,Central East Subgroup A,BLW University of Manitoba,,No,Absent,Duplicate,emmanuelreigns22@icloud.com,,
47,Emmanuella Prempeh,Central Subgroup A,BLW Quebec,+14378386657,Yes,Confirmed,,ella4@my.yorku.ca,,XS
48,Ephraim Awodire,Central Subgroup A,BLW York University,,No,Absent,,tomiwaawodire@gmail.com,,
49,Erika Mhozya,West Subgroup B,BLW Lethbridge Polytechnic,,No,Absent,,isabelamhozya@gmail.com,,
50,ESTHER ILEOGBEN,Central East Subgroup A,BLW University of Manitoba,12043998618,Yes,Confirmed,,ileogbenesther2@gmail.com,Loveworld Singers,M
51,Evans Lagat,Central Subgroup B,BLW University of Guelph,,No,Absent,,elagat@uoguelph.ca,,
52,Eye Josh,Central East Subgroup B,BLW Dalhousie,7825031140,Yes,Confirming,,eyejosh6@gmail.com,Creative Arts,L
53,Ezinne Anya,Central Subgroup A,BLW York University,,No,Absent,transitioned to church ministry,ezistarzana@gmail.com,,
54,Fadzai Hokonya,Central Subgroup A,BLW University of Toronto Scarborough,2262605439,Yes,Confirmed,,fhoks.fh@gmail.com,,S
55,Faith Ogedengbe,Central East Subgroup A,BLW University of Manitoba,4315543260,Yes,Confirmed,,faithogedengbe404@gmail.com,Media - Live Updates,S
56,Favour Olaniyi,Central Subgroup B,BLW University of Waterloo & WLU,,No,Absent,,favourolaniyi71@gmail.com,,
57,Favour Olatinpo,Central East Subgroup A,BLW University College of the North,14312053966,Yes,Confirmed,,idunnuoluwaolatinpo@gmail.com,,M
58,Fayzah Lawal,Central Subgroup A,BLW Ottawa,+14162680691,Yes,Confirmed,,fayzahlawal112@gmail.com,,S
59,Fountain Uruojo Adegbe,Central East Subgroup A,BLW University of Manitoba,,No,Absent,Not with us anymore ,fountainuruojo@gmail.com,,
60,Gerald Ikem,Central Subgroup A,BLW YorkVille,6476485465,Yes,Confirmed,,geraldikem18@gmail.com,,XXL
61,Gideon Adedeji,West Subgroup B,BLW University of Lethbridge,,No,Absent,,gideon.adedeji@uleth.ca,,
62,Gift Abioye,Central East Subgroup A,BLW University of Manitoba,2045099548,Yes,Confirmed,,abioyegift@gmail.com,Ushering,XS
63,Ifedayomi Odusanya,West Subgroup A,BLW MacEwan University,8258862411,Yes,Confirmed,,ademidayo24@gmail.com,Prayer Coordination,L
64,Ifedolapo Ayoola,West Subgroup B,,(437) 849-0088,Yes,Confirmed,,ifedolapocnd@gmail.com,,
65,IK Nwokem,Central East Subgroup A,BLW University of Manitoba,2817606224,Yes,Confirmed,,ikennanwokem@gmail.com,Registrations,M
66,isabel odagwe,Central Subgroup A,BLW Brock University,4379674149,Yes,Confirmed,,chiomaodagwe944@gmail.com,Decorations,M
67,Ivana Moseri,Central Subgroup A,BLW York University,,No,Absent,,moseriamber@gmail.com,,
68,Jada Morris,Central Subgroup A,BLW York University,6478641556,Yes,Confirmed,,jadaleemorriss@gmail.com,Registrations,S
69,Jasmine Osasere Obazogbon,Central Subgroup A,BLW Humber College,,No,Absent,,jasmineobazo25@gmail.com,,
70,Jason Chan,Central Subgroup A,BLW University of Toronto Scarborough,+14163036032,Yes,Confirmed,,jc032751@gmail.com,,L
71,Jason Ikeokwu,West Subgroup A,BLW York University,+16474477300,Yes,Confirming,,jason.ikeokwu@gmail.com,,XL
72,Jehovani Yamusengwa,West Subgroup B,BLW University of Lethbridge,,No,Absent,,jehovani.gio@uleth.ca,,
73,Jeremy Anyalewechi,Central Subgroup B,BLW University of Guelph,2895441797,Yes,Confirmed,,jeremy25anya@gmail.com,Loveworld Singers,XL
74,Jerome Gnimadi,Central East Subgroup B,BLW Memorial University of Newfoundland,,No,Absent,,jjgnimadi@mun.ca,,
75,Jesse Ajai,Central East Subgroup A,BLW Canadian Mennonite University,(431) 792-9006,Yes,Confirmed,,jesseajai73@gmail.com,,
76,John Nwansi,Central East Subgroup A,BLW University of Manitoba,+14312791157,Yes,Confirmed,,nwansijohnson@gmail.com,,XL
77,Jordan Ogboru,Central Subgroup A,BLW York University,4372655711,Yes,Confirmed,,jordanogboru@gmail.com,,L
78,Joshua Musa,Central East Subgroup B,BLW University of New Brunswick,5063642819,Yes,Confirming,,joshoziege12@gmail.com,Technical Media,S
79,Joshua T. Kehinde,Central Subgroup A,BLW Toronto Metropolitan University,,No,Absent,,tjkehinde@gmail.com,,
80,Justice Igwe,Central East Subgroup A,BLW University of Manitoba,2048138430,Yes,Confirming,,justiceigwe87@gmail.com,,XXL
81,Justin Asiedu,Central Subgroup B,BLW University of Toronto Mississauga,,No,Absent,,4513asie@gmail.com,,
82,Karisa Sol-Edeigba,Central Subgroup B,BLW University of Toronto Mississauga,,No,Absent,,karisa.soledeigba@mail.utoronto.ca,,
83,Kelvin Baako,Central East Subgroup B,BLW Memorial University of Newfoundland,,No,Absent,,kabaako@mun.ca,,
84,Kencia Chileshe,Central East Subgroup A,BLW University College of the North,(204) 333-5629,Yes,Confirmed,,kenciachileshe@gmail.com,,
85,Kitan Omotoso,Central Subgroup A,BLW York University,4168356320,Yes,Confirmed,,kitingaomotoso@gmail.com,Delegates Hospitality,
86,Kristen Ikem,Central Subgroup A,BLW York University,6477707032,Yes,Confirmed,,kristenikem15@gmail.com,,XL
87,Laetitia Engels,Central East Subgroup A,BLW University of Manitoba,+237694989206,Yes,Confirmed,,engelske15@gmail.com,Media - Live Updates,S
88,Laura Nnah,Central East Subgroup A,BLW University of Manitoba,4313740344,Yes,Confirmed,,laurannahajigo@gmail.com,Branding & Marketing,L
89,Linda-Janel Mbatika,West Subgroup B,BLW University of Lethbridge,,No,Absent,,lindajanelmbatika@yahoo.com,,
90,Lorraine Akisanya,Central Subgroup A,BLW York University,4376056013,Yes,Confirmed,,lorraineakisanya@gmail.com,Media - Photography/Videography,S
91,Mchenry Nsaka,Central East Subgroup A,BLW University of Manitoba,,No,Absent,Out of the country,mchenrynsaka321@gmail.com,,
92,Midhun S Pal,Central East Subgroup A,BLW University of Manitoba,+12048903382,Yes,Confirmed,,midhunpal.sk@gmail.com,,XS
93,Mikaro Wesley Ogaga,Central East Subgroup B,BLW Memorial University of Newfoundland,,No,Absent,,mwogaga@mun.ca,,
94,Minh Ta,Central East Subgroup A,BLW University of Regina,7782398941,Yes,Confirmed,,taquangminh081@gmail.com,,M
95,Morenike Philip,Central East Subgroup A,BLW University of Manitoba,+12045108605,Yes,Confirmed,,philipmorenike@gmail.com,,XS
96,Naomi Ighodaro,Central East Subgroup B,BLW Memorial University of Newfoundland,+17093277312,Yes,Confirmed,,blwmun.coderabah@gmail.com,Creative Arts,L
97,Naomi Inniss,Central Subgroup B,BLW University of Toronto Mississauga,(289) 946-4414,Yes,Confirmed,,blwpfccsgb@outlook.com,,
98,Natasha Dara,Central Subgroup B,BLW University of Toronto Mississauga,(647) 865-6008,Yes,Confirmed,,natasha.dara@ymail.com,,L
99,Nelson Eziokwu,Central East Subgroup A,BLW University of Manitoba,,No,Not Registered,,kamsyeziokwu@gmail.com,,
100,Nigel A,Central Subgroup A,BLW York University,,No,Absent,,/,,
101,Olamide Ayoola,West Subgroup B,BLW University of Lethbridge,19055987040,Yes,Confirmed,,olamyed@gmail.com,Loveworld Singers,L
102,Oluwakemi Ekunsumi,Central East Subgroup A,BLW University of Manitoba,2048818401,Yes,Confirmed,,tiffanyekuns@gmail.com,Loveworld Singers,M
103,Pastor Nigel Dara,Central Subgroup A,BLW York University,19052267526,Yes,Confirmed,,pastor@lwcanada.org,,
104,Phoeb Ogboru,Central Subgroup A,BLW York University,+2347073170696,Yes,Confirmed,,phoebduchess@gmail.com,Decorations,L
105,Phoebe Kudowor,Central Subgroup B,BLW University of Toronto Mississauga,4168760810,Yes,Confirmed,,paulinekudowor01@gmail.com,Media - Live Updates,L
106,Praise Ejiogu,West Subgroup A,BLW Thompson Rivers University,2505722984,Yes,Confirmed,,praiseejiogu8@gmail.com,,L
107,Praise Osemudiamen Amanluoghe,Central East Subgroup A,BLW University of Manitoba,+14312785608,Yes,Confirmed,,osemetal2004@gmail.com,Media - Photography/Videography,M
108,Precious Enoh,Central Subgroup B,BLW Sheridan Oak,+14312946480,Yes,Confirmed,,penoh2017@gmail.com,,L
109,Precious Nintai,Central East Subgroup A,BLW University of Manitoba,8329396004,Yes,Confirmed,,preshnintai@gmail.com,,L
110,Prosper Henry Tobins,Central East Subgroup A,BLW University of Manitoba,4313712508,Yes,Confirmed,,tobinsprosper@gmail.com,,XXL
111,Ralston Mckenzie,Central Subgroup B,BLW University of Toronto Mississauga,,No,Absent,,ralston.mckenzie@mail.utoronto.ca,,
112,Rejoice Nenye Chukwu,Central East Subgroup B,BLW College of the North Atlantic,,No,Absent,,chukwunenye039@gmail.com,,
113,Resame Obibia,Central East Subgroup A,BLW University of Manitoba,2045882038,Yes,Confirming,,resameobibia@gmail.com,Ushering,L
114,Romario Tilian,West Subgroup B,BLW Medicine Hat College: The Lords Army,,No,Absent,not with us,na@gmail.com,,
115,Ronke Haastrup,Central East Subgroup B,BLW College of the North Atlantic,,No,Absent,,ojoronke770@gmail.com,,
116,Rufus Gaye,Central East Subgroup A,BLW University of Manitoba,14313717679,Yes,Confirmed,,drille0987@gmail.com,,
117,Sampson Annor Gyeke Opoku,Central East Subgroup A,BLW University of Manitoba,2049516010,Yes,Confirmed,,sannorgyekeopoku@gmail.com,Media - Photography/Videography,XXL
118,Samson Ojiaku,Central East Subgroup B,BLW Dalhousie,+19028025777,Yes,Confirmed,,ojiakusamson7@gmail.com,Ushering,XXL
119,Samuel Anya,Central Subgroup A,BLW York University,,No,Absent,Parents,n/a@gmail.com,,
120,Shalom Gabriel,Central East Subgroup A,BLW University of Manitoba,4312792818,Yes,Confirmed,,shalsgiggy@gmail.com,Media - Live Updates,L
121,Sharon Mutambwi,Central East Subgroup A,BLW University of Manitoba,2045106445,Yes,Confirmed,,smutambwi1@gmail.com,,M
122,Shawn Commey,Central Subgroup A,BLW York University,,No,Absent,,commeyshawn@gmail.com,,
123,Sidney Abel-Jumbo,Central Subgroup A,BLW York University,,No,Absent,not with us,abeljumbosidney766@gmail.com,,
124,Tamara kelvin,Central Subgroup A,BLW York University,+16477209754,Yes,Confirmed,,tamaraikelvin@outlook.com,Loveworld Singers,M
125,Teniola Abioye,Central Subgroup A,,,Yes,Confirmed,,Temi ,,
126,Tobi Ibiyeye,Central Subgroup A,BLW Toronto Metropolitan University,9053768403,Yes,Confirmed,,tobiibiyeye101@gmail.com,Technical - Sound & Lighting,XL
127,Toby Yinka-Okunusi,Central East Subgroup A,BLW University of Manitoba,4036895616,Yes,Confirmed,,christianokunusi@gmail.com,,L
128,Tomi Segun-Adebowale,Central Subgroup A,BLW Toronto Metropolitan University,,No,Absent,,iretomiwaadebowale@gmail.com,,
129,Tosin Ajibulu,West Subgroup A,BLW University of Calgary,4038748169,Yes,Confirmed,,tosin.todaj@gmail.com,,M
130,Tosin Ibiyeye,Central Subgroup A,BLW York University,,No,Absent,transitioned to church ministry,oluwatosin.ibiyeye@gmail.com,,
131,Uchenna-Dumebi Okoroh,Central Subgroup A,BLW Brock University,,No,Absent,,co21yu@brocku.ca,,
132,UGWUMSINACHI OBIALO,Central East Subgroup A,BLW University of Manitoba,14316686107,Yes,Confirmed,,sinachiobialo@gmail.com,Creative Arts,XXL
133,Vera Arua,Central East Subgroup A,BLW University of Manitoba,14318773837,Yes,Confirmed,,veraadakuarua@gmail.com,,L
134,Vera Odajiri,Central Subgroup A,,,No,Absent,,vo20yd@brocku.ca,,
135,Waneta Ikheloa-Agbonselobho,Central East Subgroup A,BLW University of Manitoba,4379746091,Yes,Confirmed,,waneta2004@gmail.com,,S
136,Wilfred Onunkwo,Central East Subgroup A,BLW University of Manitoba,14312762788,Yes,Confirmed,,wilfredonunkwo@gmail.com,Loveworld Singers,L
137,Yifan wang,West Subgroup B,BLW University of Lethbridge,+15875780876,Yes,Confirmed,,yifanwang011@gmail.com,,M
138,Yuana Abwa,Central Subgroup A,BLW Brock University,,No,Absent,,ya21kd@brocku.ca,,